id,severity,priority,category,status,title,file,line,evidence,current_behavior,technical_impact,business_impact,scenario,recommendation,acceptance_criteria,required_test,effort,confidence,dependency
E-001,CRITICAL,P0,architecture,CONFIRMED,Ausencia de backend tradicional independiente,src/app/api/usuarios/route.ts,1,"Único Route Handler privilegiado; 47 archivos usan client Supabase para mutar; 0 Server Actions; sin workers/API versionada","Navegador ejecuta la mayoría de operaciones sensibles vía PostgREST con JWT de usuario","No hay capa confiable de authz/validación/transacciones/integraciones/audit","Operación crítica depende de UI+RLS; un fallo o bypass afecta RRHH/compras/finanzas","Usuario autenticado no-admin altera asistencias o OC vía REST sin pasar por menú","Implementar monolito modular Node/TS como API única de mutaciones; Supabase solo DB/Auth/Storage","Ninguna mutación de negocio reachable solo con anon+user JWT excepto reads allowlisted","Contract test: mutación directa PostgREST denegada para tablas críticas",XL,high,none
E-002,CRITICAL,P0,security-authz,CONFIRMED,RBAC solo en proxy/NavBar; RLS USING(true),src/utils/permisos.ts,1,"Comentario: no toca RLS; policies authenticated_all en 0001/0018/0028/0030","Roles limitan rutas; datos abiertos a cualquier authenticated","Broken Access Control / BOLA entre roles","200+ empleados: un supervisor/auditoría puede ver o alterar PII/finanzas/compras","Rol auditoria lee resultados_mensuales y borra crm_oportunidades vía API","Backend enforce RBAC por operación + RLS defensa en profundidad sin USING(true)","Matriz rol×op deniega en API y en RLS; pentest roles","Suite RLS+API por cada rol",L,high,E-001
E-003,CRITICAL,P0,security-rls,CONFIRMED,Políticas FOR ALL authenticated USING(true) en módulos core migrados,supabase/migrations/0001_proveedores_articulos.sql,32,"Mismo patrón CRM/auditoría/domicilios/presupuestos/storage","Cualquier login CRUD completo vía PostgREST","Defensa en profundidad inexistente","Filtración o corrupción masiva de catálogo/CRM/auditorías","Token de sesión + curl a /rest/v1/proveedores","Reescribir policies por rol/operación; revoke grants excesivos a authenticated","pg_policies sin USING(true) en tablas P0; grants mínimos","SQL tests pgTAP por tabla",L,high,E-002
E-004,HIGH,P0,schema,CONFIRMED,Esquema productivo no reproducible desde Git,supabase/migrations/0002_compras_numeracion.sql,2,"Tablas empresas/pedidos_*/empleados/perfiles alteradas sin CREATE; sin config.toml","Repo incompleto; drift probable por SQL Editor manual","Imposible rebuild/disaster recovery desde control de versiones","Indisponibilidad prolongada ante pérdida de proyecto Supabase","Disaster: solo migraciones del repo no levantan app","Baseline dump versionado + supabase CLI + pipeline apply","Staging vacío aplica migrations y app arranca","Apply migrations shadow DB = schema prod",M,high,none
E-005,HIGH,P0,security-data,CONFIRMED,Resultados económicos legibles por cualquier autenticado,supabase/migrations/0014_resultados_mensuales.sql,40,"SELECT using(true); write solo admin","P&L consolidado expuesto a roles operativos","Filtración financiera","Decisiones comerciales/legales expuestas","Usuario compras SELECT resultados_mensuales","Restringir read a admin(+gerente si negocio); vía backend","Solo admin API/RLS SELECT","Test denegación rol compras",S,high,E-002
E-006,HIGH,P0,security-storage,CONFIRMED,Storage presupuestos FOR ALL authenticated,supabase/migrations/0030_cliente_presupuestos.sql,13,"Policy bucket sin path/ownership","Cualquier auth user lista/sube/borra PDFs","Exposición y destrucción documental","Pérdida de presupuestos de clientes","Usuario A borra objetos de B en bucket","Backend media service + policies path-scoped","Delete/list solo owner/admin vía API","Test storage isolation",M,high,E-001
E-007,HIGH,P0,security-storage,CONFIRMED,Signed URL 1 año persistida en asistencias,src/components/AusenciaForm.tsx,141,"createSignedUrl 31536000s guardada en archivo_url","URLs duraderas a justificaciones PII","Acceso prolongado a documentos laborales","Incumplimiento privacidad / filtración RRHH","Backup DB o SELECT asistencias filtra URLs vigentes un año","Guardar path; firmar on-demand TTL minutos vía backend","DB sin signed URLs largas; TTL<=15m","Test URL expirada no sirve",S,high,E-001
E-008,HIGH,P0,integrity,CONFIRMED,Procesos multipaso sin transacción (compras/import/duplicar),src/components/PanelComprasAsignacion.tsx,358,"Insert cabecera OC luego items; return early deja huérfanos","Estados parciales sin rollback","Inconsistencia operativa compras/depósito","Órdenes fantasma; stock/compras desalineados","Fallo de red tras crear OC antes de items","RPC/backend transaction por asignación/import","O todo commit o nada; job de reconciliación","Chaos test mid-flight failure",L,high,E-001
E-009,HIGH,P0,integrity,CONFIRMED,Transiciones de estado solo en frontend,src/components/EstadoOrdenCompraBoton.tsx,8,"Map SIGUIENTE en UI; update libre de columna estado","API puede saltar/revertir estados","Integridad de workflow rota","Recepción falsa; auditoría de compras inválida","PATCH estado borrador desde recepcionada vía REST","State machine en backend + CHECK/trigger","Transición ilegal → 409","Property tests transiciones",M,high,E-001
E-010,HIGH,P1,security-deps,CONFIRMED,Next.js 16.2.12 con advisory critical,package.json,15,"npm audit: 1 critical next + 6 high incl. xlsx sin fix","Superficie RCE/DoS según deploy","Compromiso de hosting / supply chain","Exploit Image Optimization/AVIF o Windows RCE según advisory","Actualizar Next parcheado; sustituir xlsx","npm audit sin critical en runtime","CI dependency gate",S,high,none
E-011,HIGH,P0,security-session,CONFIRMED,Chequeos privilegiados usan getSession no getUser,src/proxy.ts,31,"api/usuarios y proxy confían cookie session sin revalidar Auth","Sesiones stale/revocadas pueden pasar","Ventana de acceso post-revocación","Empleado desvinculado sigue operando hasta expiry","Admin desactiva user; token cookie aún válida para API","getUser en backend; revoke denylist; short TTL","Revocación inmediata efectiva","Test post-ban 401",S,high,E-001
E-012,HIGH,P1,privacy,PROBABLE,Migraciones seed CRM con posible PII en Git,supabase/migrations/0019_import_historico_ventas.sql,1,"~50–60KB imports históricos en repo público/clonable","PII potencial en historial git","Exposición de contactos/comercial","Filtración vía clone/fork","Repo cloned by contractor; Excel CRM en SQL","Purgar historia o mover a seed privado; DLP","Sin PII real en git","Secret/PII scan CI",M,medium,none
E-013,HIGH,P0,continuity,INCOMPLETE,Sin evidencia de backups/restore/RPO/RTO,README.md,1,"Sin runbooks; .gitignore backups/; hosting NO VERIFICADO","Continuidad no demostrable","Pérdida de datos RRHH/compras irrecuperable","Paraliza operación >200 empleados","Borrado accidental tabla asistencias","Definir RPO/RTO; backups automáticos; restore drill trimestral","Restore drill documentado exitoso","G5 restore test",M,high,E-004
E-014,HIGH,P0,observability,CONFIRMED,Sin logs estructurados audit/métricas/alertas/health,src/,,,"Errores solo UI alert/setError; sin Sentry/OTel/audit_log","Imposible forense ni SLO","Incidentes ciegos afectan nómina/compras","¿Quién borró OC? sin respuesta","Implementar audit_log + APM + health + alertas","Preguntas forenses respondibles en <15min","Incident tabletop",M,high,E-001
E-015,HIGH,P1,integration,CONFIRMED,Sin contratos M2M/outbox/idempotencia para Attendance,src/,,,"Sin webhooks/workers/API versionada; mutaciones browser","Integración privilegiada imposible de forma segura","Sync incorrecta de asistencias/empleados","Duplicados de fichadas o bajas no propagadas","Backend integration module + outbox + M2M","Sync staging idempotente con reconciliación","Contract+replay tests",L,high,E-001
E-016,MEDIUM,P1,security-auth,CONFIRMED,Password policy débil (min 6) y type=text en UI,src/app/api/usuarios/route.ts,54,"length<6; UsuarioForm type=text","Cuentas fáciles de comprometer","Acceso indebido a plataforma crítica","Shoulder surfing + password 123456","Policy enterprise + MFA admin + type=password","Passwords <12 rechazadas; MFA admin ON","Auth policy tests",XS,high,E-001
E-017,MEDIUM,P1,integrity,CONFIRMED,Race domicilio principal client-side,src/components/MarcarPrincipalBoton.tsx,16,"Dos UPDATEs secuenciales pese a unique parcial","Inconsistencia bajo concurrencia","Direcciones de entrega erróneas en OC","Dos usuarios marcan distinto principal","Función atómica backend/SQL","Siempre ≤1 principal","Concurrency test",S,high,E-001
E-018,MEDIUM,P1,security-rls,INCOMPLETE,RLS tablas core preexistentes NO VERIFICADO,supabase/migrations/0002_compras_numeracion.sql,2,"empleados/asistencias/empresas/pedidos_* sin policies en repo","Estado prod desconocido","Riesgo desconocido posiblemente CRITICAL","Explotación de tablas RRHH","Exportar pg_policies prod y remediar","Matriz completa tablas prod","Read-only SQL audit",M,high,E-004
E-019,MEDIUM,P1,security-storage,NO_VERIFICADO,Bucket justificaciones dashboard-only,supabase/migrations/0030_cliente_presupuestos.sql,3,"Comentario: creado a mano","Policies desconocidas","PII laboral posiblemente mal aislada","Justificaciones médicas enumerables","Versionar bucket+policies; validar uploads backend","Bucket IaC + MIME/size","Storage policy tests",S,medium,E-004
E-020,MEDIUM,P2,quality,CONFIRMED,Lint falla; sin tests; sin CI/CD,package.json,6,"lint 24 errors; 0 tests; 0 .github","Sin quality gates","Regresiones llegan a prod","Merge rompe authz sin detección","CI obligatorio lint/tsc/build/tests/audit","PR bloqueado si falla gate","Pipeline PR sample",M,high,none
E-021,MEDIUM,P2,performance,CONFIRMED,Listados sin paginación / select *,src/app/resultados/page.tsx,10,"Patrón select(*) y cargas completas en pedidos/CRM/asistencias","Degradación con años de historial","Reportes RRHH/compras inutilizables","3 años asistencias 200 emp → timeout UI","Paginación server + índices + jobs reportes","P95 listados <2s con seed 10x","Load test G7",M,high,E-001
E-022,MEDIUM,P2,security-headers,CONFIRMED,Sin security headers/CSP/rate limiting app,next.config.ts,3,"nextConfig vacío; sin rate limit API","Mayor abuso/XSS residual","Ataques automatizados a login/API","Brute force login sin control app","Headers + rate limit Auth/API","Headers presentes; 429 bajo abuso","DAST smoke",S,high,E-001
E-023,MEDIUM,P1,security-authz,CONFIRMED,Mass assignment / campos privilegiados desde cliente,src/components/PedidoCompraForm.tsx,119,"Payloads completos incl. empresa_id/estado desde browser","Cliente define campos de negocio","Fraude documental / datos incorrectos","Manipular empresa_id o estado en insert","DTOs allowlist en backend","Campos no permitidos ignorados/rechazados","Fuzz mass assignment",M,high,E-001
E-024,LOW,P3,quality,CONFIRMED,Lógica de negocio en componentes grandes,src/components/PanelComprasAsignacion.tsx,1,"~590 LOC; importadores 300-400","Baja testabilidad","Errores de proceso difíciles de corregir","Cambio de regla rompe 5 pantallas","Extraer domain services en backend","Reglas unit-tested fuera de React","Unit tests reglas compras",L,high,E-001
E-025,LOW,P3,ops,CONFIRMED,README/runbooks inexistentes para operación,README.md,1,"Template create-next-app","Onboarding y DR frágiles","MTTR alto","Nuevo engineer no puede restaurar","Runbooks SRE + ADRs","Runbook restore+incident firmado","Tabletop",S,high,E-013
E-026,INFO,P3,positive,POSITIVE_CONTROL,Service role no expuesta al browser,src/utils/supabase/admin.ts,3,"Key sin NEXT_PUBLIC; solo server/API","Reduce bypass total desde bundle","Control positivo a conservar","N/A","Mantener + secret scanning","CI falla si SERVICE_ROLE en client bundle","Bundle grep CI",XS,high,none
E-027,INFO,P3,positive,POSITIVE_CONTROL,TypeScript strict y build reproducibles localmente,package.json,15,"tsc 0; next build 0; strict true","Base frontend reusable","Acelera migración sin rewrite UI","N/A","Conservar frontend; cambiar data access a API","UI habla solo backend para writes","E2E smoke post-migración",XS,high,none
E-028,CRITICAL,P0,architecture,CONFIRMED,Frontend puede evitar cualquier futuro control si grants PostgREST permanecen,src/utils/supabase/client.ts,3,"createBrowserClient anon permite REST directo mientras grants+RLS lo permitan","Evasión estructural del backend obligatorio","Requisito arquitectónico incumplible sin cerrar grants","Toda remediación UI es cosmética","Tras desplegar API, browser sigue mutando tablas","Revoke INSERT/UPDATE/DELETE authenticated en tablas críticas; solo role backend","Mutación directa 401/42501","Adversarial test post Fase 6",M,high,E-001
E-029,HIGH,P1,privacy,CONFIRMED,PII laboral (CUIL empleados ausencias archivos) sin auditoría de acceso,src/components/EmpleadoForm.tsx,20,"Insert empleados con CUIL; ausencias con archivos; sin audit_log","Accesos no trazables","Riesgo cumplimiento/privacidad técnico","No se sabe quién exportó ausencias","Audit log de lecturas sensibles + exports","Cada export/lectura PII deja traza","Audit query test",M,high,E-014
E-030,MEDIUM,P2,devops,NO_VERIFICADO,Ambientes staging/prod/CI/CD hosting,,"Sin .github/vercel.json/Dockerfile en repo","Separación ambientes NO VERIFICADA","Riesgo deploy directo a prod","Cambio rompe operación live","Staging obligatorio + CD con approvals","G8 PASS con evidencia deploys","Pipeline docs",M,low,none
